{"frames": [

{
	"filename": "huahuan_00000.png",
	"frame": {"x":2,"y":2,"w":420,"h":234},
	"rotated": false,
	"trimmed": true,
	"spriteSourceSize": {"x":194,"y":180,"w":420,"h":234},
	"sourceSize": {"w":800,"h":600}
},
{
	"filename": "huahuan_00001.png",
	"frame": {"x":424,"y":2,"w":420,"h":216},
	"rotated": false,
	"trimmed": true,
	"spriteSourceSize": {"x":195,"y":200,"w":420,"h":216},
	"sourceSize": {"w":800,"h":600}
},
{
	"filename": "huahuan_00002.png",
	"frame": {"x":846,"y":2,"w":420,"h":220},
	"rotated": false,
	"trimmed": true,
	"spriteSourceSize": {"x":195,"y":198,"w":420,"h":220},
	"sourceSize": {"w":800,"h":600}
},
{
	"filename": "huahuan_00003.png",
	"frame": {"x":1268,"y":2,"w":420,"h":222},
	"rotated": false,
	"trimmed": true,
	"spriteSourceSize": {"x":195,"y":197,"w":420,"h":222},
	"sourceSize": {"w":800,"h":600}
},
{
	"filename": "huahuan_00004.png",
	"frame": {"x":2,"y":238,"w":420,"h":210},
	"rotated": false,
	"trimmed": true,
	"spriteSourceSize": {"x":195,"y":208,"w":420,"h":210},
	"sourceSize": {"w":800,"h":600}
},
{
	"filename": "huahuan_00005.png",
	"frame": {"x":424,"y":238,"w":420,"h":194},
	"rotated": false,
	"trimmed": true,
	"spriteSourceSize": {"x":195,"y":187,"w":420,"h":194},
	"sourceSize": {"w":800,"h":600}
},
{
	"filename": "huahuan_00006.png",
	"frame": {"x":846,"y":238,"w":420,"h":194},
	"rotated": false,
	"trimmed": true,
	"spriteSourceSize": {"x":195,"y":184,"w":420,"h":194},
	"sourceSize": {"w":800,"h":600}
},
{
	"filename": "huahuan_00007.png",
	"frame": {"x":1268,"y":238,"w":420,"h":198},
	"rotated": false,
	"trimmed": true,
	"spriteSourceSize": {"x":195,"y":182,"w":420,"h":198},
	"sourceSize": {"w":800,"h":600}
},
{
	"filename": "huahuan_00008.png",
	"frame": {"x":2,"y":450,"w":420,"h":204},
	"rotated": false,
	"trimmed": true,
	"spriteSourceSize": {"x":195,"y":178,"w":420,"h":204},
	"sourceSize": {"w":800,"h":600}
},
{
	"filename": "huahuan_00009.png",
	"frame": {"x":424,"y":450,"w":420,"h":208},
	"rotated": false,
	"trimmed": true,
	"spriteSourceSize": {"x":195,"y":176,"w":420,"h":208},
	"sourceSize": {"w":800,"h":600}
},
{
	"filename": "huahuan_00010.png",
	"frame": {"x":846,"y":450,"w":420,"h":220},
	"rotated": false,
	"trimmed": true,
	"spriteSourceSize": {"x":195,"y":174,"w":420,"h":220},
	"sourceSize": {"w":800,"h":600}
},
{
	"filename": "huahuan_00011.png",
	"frame": {"x":1268,"y":450,"w":420,"h":226},
	"rotated": false,
	"trimmed": true,
	"spriteSourceSize": {"x":195,"y":171,"w":420,"h":226},
	"sourceSize": {"w":800,"h":600}
},
{
	"filename": "huahuan_00012.png",
	"frame": {"x":2,"y":678,"w":420,"h":232},
	"rotated": false,
	"trimmed": true,
	"spriteSourceSize": {"x":195,"y":168,"w":420,"h":232},
	"sourceSize": {"w":800,"h":600}
},
{
	"filename": "huahuan_00013.png",
	"frame": {"x":424,"y":678,"w":420,"h":228},
	"rotated": false,
	"trimmed": true,
	"spriteSourceSize": {"x":195,"y":174,"w":420,"h":228},
	"sourceSize": {"w":800,"h":600}
},
{
	"filename": "huahuan_00014.png",
	"frame": {"x":846,"y":678,"w":420,"h":244},
	"rotated": false,
	"trimmed": true,
	"spriteSourceSize": {"x":195,"y":172,"w":420,"h":244},
	"sourceSize": {"w":800,"h":600}
},
{
	"filename": "huahuan_00015.png",
	"frame": {"x":1268,"y":678,"w":420,"h":248},
	"rotated": false,
	"trimmed": true,
	"spriteSourceSize": {"x":195,"y":170,"w":420,"h":248},
	"sourceSize": {"w":800,"h":600}
},
{
	"filename": "huahuan_00016.png",
	"frame": {"x":2,"y":928,"w":420,"h":252},
	"rotated": false,
	"trimmed": true,
	"spriteSourceSize": {"x":195,"y":168,"w":420,"h":252},
	"sourceSize": {"w":800,"h":600}
},
{
	"filename": "huahuan_00017.png",
	"frame": {"x":424,"y":928,"w":420,"h":242},
	"rotated": false,
	"trimmed": true,
	"spriteSourceSize": {"x":195,"y":180,"w":420,"h":242},
	"sourceSize": {"w":800,"h":600}
},
{
	"filename": "huahuan_00018.png",
	"frame": {"x":846,"y":928,"w":420,"h":226},
	"rotated": false,
	"trimmed": true,
	"spriteSourceSize": {"x":195,"y":198,"w":420,"h":226},
	"sourceSize": {"w":800,"h":600}
},
{
	"filename": "huahuan_00019.png",
	"frame": {"x":1268,"y":928,"w":420,"h":230},
	"rotated": false,
	"trimmed": true,
	"spriteSourceSize": {"x":195,"y":195,"w":420,"h":230},
	"sourceSize": {"w":800,"h":600}
},
{
	"filename": "huahuan_00020.png",
	"frame": {"x":2,"y":1182,"w":420,"h":230},
	"rotated": false,
	"trimmed": true,
	"spriteSourceSize": {"x":195,"y":197,"w":420,"h":230},
	"sourceSize": {"w":800,"h":600}
},
{
	"filename": "huahuan_00021.png",
	"frame": {"x":424,"y":1182,"w":420,"h":200},
	"rotated": false,
	"trimmed": true,
	"spriteSourceSize": {"x":195,"y":202,"w":420,"h":200},
	"sourceSize": {"w":800,"h":600}
},
{
	"filename": "huahuan_00022.png",
	"frame": {"x":846,"y":1182,"w":420,"h":204},
	"rotated": false,
	"trimmed": true,
	"spriteSourceSize": {"x":195,"y":203,"w":420,"h":204},
	"sourceSize": {"w":800,"h":600}
},
{
	"filename": "huahuan_00023.png",
	"frame": {"x":1268,"y":1182,"w":420,"h":208},
	"rotated": false,
	"trimmed": true,
	"spriteSourceSize": {"x":195,"y":202,"w":420,"h":208},
	"sourceSize": {"w":800,"h":600}
},
{
	"filename": "huahuan_00024.png",
	"frame": {"x":2,"y":1414,"w":420,"h":210},
	"rotated": false,
	"trimmed": true,
	"spriteSourceSize": {"x":194,"y":202,"w":420,"h":210},
	"sourceSize": {"w":800,"h":600}
}],
"meta": {
	"app": "http://www.codeandweb.com/texturepacker ",
	"version": "1.0",
	"image": "huahuan.png",
	"format": "RGBA8888",
	"size": {"w":2048,"h":2048},
	"scale": "1",
	"smartupdate": "$TexturePacker:SmartUpdate:ef64de34ea0eb8505d81a3771f503097:1/1$"
}
}
